"","Tip.Label.160511","Meadow","Braxon_Peak","Castle_Peak","D.O._Lee_Peak","Horstmann_Peak","Hyndman_Peak","Mount_Cramer","Salzburger_Spitzl","Snowyside_Peak","Thompson_Peak"
"1","Erigeron_compositus_13537",0,0,0,0,0,0,0,0,0,1
"2","Sedum_lanceolatum_var_lanceolatum_13539",0,0,0,0,0,0,0,0,0,1
"3","Smelowskia_calycina_13550",0,0,0,0,0,0,0,0,0,1
"4","Antennaria_umbrinella_13540",0,0,0,0,0,0,0,0,0,1
"5","Eriogonum_crosbyae_13541",0,0,0,0,0,0,0,0,0,1
"6","Eriogonum_ovalifolium_var_depressum_13542",0,0,0,0,0,0,0,0,0,1
"7","Eriogonum_ovalifolium_var_depressum_13543",0,0,0,0,0,0,0,0,0,1
"8","Minuartia_nuttallii_13544",0,0,0,0,0,0,0,0,0,1
"9","Hulsea_algida_13545",0,0,0,0,0,0,0,0,0,1
"10","Arabis_cf_lemonii_13546",0,0,0,0,0,0,0,0,0,1
"11","Juncus_sp_13547",0,0,0,0,0,0,0,0,0,1
"12","Carex_sp_13548",0,0,0,0,0,0,0,0,0,1
"13","Carex_sp_13549",0,0,0,0,0,0,0,0,0,1
"14","Poa_sp_13551",0,0,0,0,0,0,0,0,0,1
"15","Stipa_sp_13552",0,0,0,0,0,0,0,0,0,1
"16","Chaenactis_alpina_13553",0,0,0,0,0,0,0,0,0,1
"17","Polemonium_viscosum_13554",0,0,0,0,0,0,0,0,0,1
"18","Silene_acaulis_13555",1,0,0,0,0,0,0,0,0,1
"19","Ivesia_gordonii_13559",1,0,0,0,0,0,0,0,0,1
"20","Bupleurum_americanum_13560",1,0,0,0,0,0,0,0,0,1
"21","Lewisia_pygmaea_var_pygmara_14010",1,0,0,0,0,0,0,0,0,1
"22","Arabis_microphylla_14011",1,0,0,0,0,0,0,0,0,1
"23","Erigeron_grandiflorus_14012",1,0,0,0,0,0,0,0,0,1
"24","Chionophila_tweedyi_14013",1,0,0,0,0,0,0,0,0,1
"25","Potentilla_brevifolia_14015",1,0,0,0,0,0,0,0,0,1
"26","Antennaria_lanata_14016",1,0,0,0,0,0,0,0,0,1
"27","Hieracium_triste_14017",1,0,0,0,0,0,0,0,0,1
"28","Carex_sp_14018",1,0,0,0,0,0,0,0,0,1
"29","Antennaria_alpina_14019",1,0,0,0,0,0,0,0,0,1
"30","Phlox_pulvinata_14020",1,0,0,0,0,0,0,0,0,1
"31","Phyllodoce_empetriformis_14021",1,0,0,0,0,0,0,0,0,1
"32","Cassiope_mertensiana_var_gracilis_14022",1,0,0,0,0,0,0,0,0,1
"33","Phyllodoce_glanduliflora_14023",1,0,0,0,0,0,0,0,0,1
"34","Ivesia_gordonii_14024",1,0,0,0,0,0,0,0,0,1
"35","Luzula_sp_14025",1,0,0,0,0,0,0,0,0,1
"36","Carex_sp_14026",1,0,0,0,0,0,0,0,0,1
"37","Ranunculus_eschscholtzii_var_eschscholtzii_14027",1,0,0,0,0,0,0,0,0,1
"38","Synthyris_pinnatifida_var_cenescens_14028",1,0,0,0,0,0,0,0,0,1
"39","Abies_lasiocarpa_14029",1,0,0,0,0,0,0,0,0,1
"40","Pinus_albicaulis_14030",1,0,0,0,0,0,0,0,0,1
"41","Juniperus_communis_14031",1,0,0,0,0,0,0,0,0,1
"42","Gentiana_calycosa_var_obtusiloba_14032",1,0,0,0,0,0,0,0,0,1
"43","Claytonia_megarhiza_var_bellidifolia_14034",1,0,0,0,0,0,0,0,0,1
"44","Epilobium_alpinum_var_clavatum_14123",0,0,0,0,1,0,0,0,0,0
"45","Solidago_multiradiata_14124",0,0,0,0,1,0,0,0,0,0
"46","Oxyria_digyna_14125",0,0,0,0,1,0,0,0,0,0
"47","Eriogonum_pyrolaefolium_var_coryphaeum_14126",0,0,0,0,1,0,0,0,0,0
"48","Arnica_latifolia_var_gracilis_14128",0,0,0,0,1,0,0,0,0,0
"49","Luzula_sp_14129",0,0,0,0,1,0,0,0,0,0
"50","Epilobium_obcordatum_14130",0,0,0,0,1,0,0,0,0,0
"51","Poa_sp_14132",0,0,0,0,1,0,0,0,0,0
"52","Eriogonum_ovalifolium_var_purpureum_14133",0,0,0,0,1,0,0,0,0,0
"53","Lomatium_sp_14134",0,0,0,0,1,0,0,0,0,0
"54","Achillea_millefolium_var_alpicola_14136",0,0,0,0,1,0,0,0,0,0
"55","Sedum_lanceolatum_var_lanceolatum_14137",0,0,0,0,1,0,0,0,0,0
"56","Poa_sp_14138",0,0,0,0,1,0,0,0,0,0
"57","Phlox_pulvinata_14215",0,0,0,0,1,0,0,0,0,0
"58","Heuchera_parvifolia_var_dissecta_14216",0,0,0,0,1,0,0,0,0,0
"59","Draba_oreibata_14217",0,0,0,0,1,0,0,0,0,0
"60","Draba_cf_crassifolia_14218",0,0,0,0,1,0,0,0,0,0
"61","Unknown_14219",0,0,0,0,1,0,0,0,0,0
"62","Hulsea_algida_14222",0,0,0,0,1,0,0,0,0,0
"63","Antennaria_umbrinella_14223",0,0,0,0,1,0,0,0,0,0
"64","Erigeron_evermannii_14224",0,0,0,0,1,0,0,0,0,0
"65","Hordium_sp_14225",0,0,0,0,1,0,0,0,0,0
"66","Carex_sp_14226",0,0,0,0,1,0,0,0,0,0
"67","Sibbaldia_procumbens_14227",0,0,0,0,1,0,0,0,0,0
"68","Luzula_sp_14228",0,0,0,0,1,0,0,0,0,0
"69","Aconogonon_phytolaccaefolium_14229",0,0,0,0,1,0,0,0,0,0
"70","Potentilla_glandulosa_var_glandulosa_14230",0,0,0,0,1,0,0,0,0,0
"71","Pinus_albicaulis_14231",0,0,0,0,1,0,0,0,0,0
"72","Abies_lasiocarpa_14232",0,0,0,0,1,0,0,0,0,0
"73","Juniperus_communis_14233",0,0,0,0,1,0,0,0,0,0
"74","Penstemon_montanus_var_idahoensis_14234",0,0,0,0,1,0,0,0,0,0
"75","Erysimum_asperum_14235",1,0,0,0,1,0,0,0,0,0
"76","Lomatium_sp_14236",1,0,0,0,1,0,0,0,0,0
"77","Anemone_drummondii_var_drummondii_13562",0,1,0,0,0,0,0,0,0,0
"78","Carex_sp_13563",0,1,0,0,0,0,0,0,0,0
"79","Eriogonum_ovalifolium_var_depressum_13564",0,1,0,0,0,0,0,0,0,0
"80","Minuartia_obtusiloba_13565",0,1,0,0,0,0,0,0,0,0
"81","Poa_sp_13566",0,1,0,0,0,0,0,0,0,0
"82","Eriogonum_pyrolaefolium_var_coryphaeum_13567",0,1,0,0,0,0,0,0,0,0
"83","Poa_sp_13568",0,1,0,0,0,0,0,0,0,0
"84","Draba_cf_crassifolia_13569",0,1,0,0,0,0,0,0,0,0
"85","Penstemon_montanus_var_idahoensis_13570",0,1,0,0,0,0,0,0,0,0
"86","Picea_engelmannii_13571",0,1,0,0,0,0,0,0,0,0
"87","Juncus_sp_13572",0,1,0,0,0,0,0,0,0,0
"88","Pinus_albicaulis_13573",0,1,0,0,0,0,0,0,0,0
"89","Sibbaldia_procumbens_13574",0,1,0,0,0,0,0,0,0,0
"90","Hulsea_algida_13575",0,1,0,0,0,0,0,0,0,0
"91","Sedum_lanceolatum_var_lanceolatum_13576",0,1,0,0,0,0,0,0,0,0
"92","Arnica_latifolia_var_gracilis_13577",0,1,0,0,0,0,0,0,0,0
"93","Erigeron_evermannii_13578",0,1,0,0,0,0,0,0,0,0
"94","Chaenactis_alpina_13579",0,1,0,0,0,0,0,0,0,0
"95","Oxyria_digyna_13580",0,1,0,0,0,0,0,0,0,0
"96","Claytonia_megarhiza_var_bellidifolia_14001",0,1,0,0,0,0,0,0,0,0
"97","Ribes_lacustre_14002",0,1,0,0,0,0,0,0,0,0
"98","Juncus_sp_14003",0,1,0,0,0,0,0,0,0,0
"99","Antennaria_microphylla_14004",0,1,0,0,0,0,0,0,0,0
"100","Senecio_fremontii_14005",0,1,0,0,0,0,0,0,0,0
"101","Saxifraga_bronchialis_14006",0,1,0,0,0,0,0,0,0,0
"102","Poa_sp_14007",0,1,0,0,0,0,0,0,0,0
"103","Chionophila_tweedyi_14008",0,1,0,0,0,0,0,0,0,0
"104","Erigeron_compositus_14009",0,1,0,0,0,0,0,0,0,0
"105","Castilleja_miniata_14289",0,0,0,0,0,0,1,0,0,0
"106","Phyllodoce_glanduliflora_14290",0,0,0,0,0,0,1,0,0,0
"107","Phyllodoce_empetriformis_14291",0,0,0,0,0,0,1,0,0,0
"108","Cassiope_mertensiana_var_gracilis_14292",0,0,0,0,0,0,1,0,0,0
"109","Claytonia_megarhiza_14293",0,0,0,0,0,0,1,0,0,0
"110","Chionophila_tweedyi_14294",0,0,0,0,0,0,1,0,0,0
"111","Luzula_sp_14295",0,0,0,0,0,0,1,0,0,0
"112","Castilleja_cusickii_14296",0,0,0,0,0,0,1,0,0,0
"113","Chaenactis_alpina_14297",0,0,0,0,0,0,1,0,0,0
"114","Hieracium_triste_14299",0,0,0,0,0,0,1,0,0,0
"115","Sedum_lanceolatum_var_lanceolatum_14300",0,0,0,0,0,0,1,0,0,0
"116","Epilobium_alpinum_14301",0,0,0,0,0,0,1,0,0,0
"117","Erysimum_asperum_14302",0,0,0,0,0,0,1,0,0,0
"118","Arnica_latifolia_14303",0,0,0,0,0,0,1,0,0,0
"119","Minuartia_obtusiloba_14304",0,0,0,0,0,0,1,0,0,0
"120","Minuartia_nuttallii_14305",0,0,0,0,0,0,1,0,0,0
"121","Arabis_microphylla_14306",0,0,0,0,0,0,1,0,0,0
"122","Erigeron_compositus_14307",0,0,0,0,0,0,1,0,0,0
"123","Tonestus_lyallii_14308",0,0,0,0,0,0,1,0,0,0
"124","Anemone_drummondii_14309",0,0,0,0,0,0,1,0,0,0
"125","Erigeron_grandiflorus_14310",0,0,0,0,0,0,1,0,0,0
"126","Antennaria_alpina_14311",0,0,0,0,0,0,1,0,0,0
"127","Antennaria_lanata_14312",0,0,0,0,0,0,1,0,0,0
"128","Unknown_14313",0,0,0,0,0,0,1,0,0,0
"129","Potentilla_glandulosa_14314",0,0,0,0,0,0,1,0,0,0
"130","Ericameria_discoidea_14315",0,0,0,0,0,0,1,0,0,0
"131","Arnica_latifolia_14316",0,0,0,0,0,0,1,0,0,0
"132","Unknown_14317",0,0,0,0,0,0,1,0,0,0
"133","Festuca_sp_14318",0,0,0,0,0,0,1,0,0,0
"134","Unknown_14319",0,0,0,0,0,0,1,0,0,0
"135","Heuchera_parvifolia_var_dissecta_14320",0,0,0,0,0,0,1,0,0,0
"136","Hulsea_algida_14321",0,0,0,0,0,0,1,0,0,0
"137","Antennaria_alpina_14322",0,0,0,0,0,0,1,0,0,0
"138","Sibbaldia_procumbens_14323",0,0,0,0,0,0,1,0,0,0
"139","Juncus_sp_14325",0,0,0,0,0,0,1,0,0,0
"140","Eriogonum_ovalifolium_14327",0,0,0,0,0,0,1,0,0,0
"141","Potentilla_brevifolia_14328",0,0,0,0,0,0,1,0,0,0
"142","Oxyria_digyna_14329",0,0,0,0,0,0,1,0,0,0
"143","Juniperus_communis_14330",0,0,0,0,0,0,1,0,0,0
"144","Castilleja_cusickii_14331",1,0,0,0,0,0,0,0,1,0
"145","Castilleja_miniata_14332",1,0,0,0,0,0,0,0,1,0
"146","Senecio_fremontii_14334",0,0,0,0,0,0,0,0,1,0
"147","Draba_oreibata_14335",0,0,0,0,0,0,0,0,1,0
"148","Collomia_debilis_14336",0,0,0,0,0,0,0,0,1,0
"149","Chaenactis_alpina_14337",0,0,0,0,0,0,0,0,1,0
"150","Senecio_werneriifolius_14338",0,0,0,0,0,0,0,0,1,0
"151","Epilobium_alpinum_14339",0,0,0,0,0,0,0,0,1,0
"152","Erigeron_evermannii_14340",0,0,0,0,0,0,0,0,1,0
"153","Claytonia_megarhiza_14341",0,0,0,0,0,0,0,0,1,0
"154","Haplopappus_macronema_14342",0,0,0,0,0,0,0,0,1,0
"155","Oxyria_digyna_14343",0,0,0,0,0,0,0,0,1,0
"156","Eriogonum_ovalifolium_14344",0,0,0,0,0,0,0,0,1,0
"157","Arabis_cf_lemmonii_14345",0,0,0,0,0,0,0,0,1,0
"158","Heuchera_parvifolia_var_dissecta_14346",0,0,0,0,0,0,0,0,1,0
"159","Ivesia_gordonii_14347",0,0,0,0,0,0,0,0,1,0
"160","Antennaria_microphylla_14348",0,0,0,0,0,0,0,0,1,0
"161","Eriogonum_ovalifolium_14349",0,0,0,0,0,0,0,0,1,0
"162","Eriogonum_crosbyae_14350",0,0,0,0,0,0,0,0,1,0
"163","Abies_lasiocarpa_14351",0,0,0,0,0,0,0,0,1,0
"164","Smelowskia_calycina_14352",0,0,0,0,0,0,0,0,1,0
"165","Polemonium_viscosum_14353",0,0,0,0,0,0,0,0,1,0
"166","Erigeron_compositus_14355",0,0,0,0,0,0,0,0,1,0
"167","Unknown_14356",0,0,0,0,0,0,0,0,1,0
"168","unknown_14357",0,0,0,0,0,0,0,0,1,0
"169","Unknown_14358",0,0,0,0,0,0,0,0,1,0
"170","Phyllodoce_empetriformis_14359",1,0,0,0,0,0,0,0,1,0
"171","Antennaria_alpina_14360",1,0,0,0,0,0,0,0,1,0
"172","Arnica_latifolia_14361",1,0,0,0,0,0,0,0,1,0
"173","Tonestus_lyallii_14362",1,0,0,0,0,0,0,0,1,0
"174","Erigeron_evermannii_14363",1,0,0,0,0,0,0,0,1,0
"175","Draba_cf_oreibata_14404",1,0,0,0,0,0,0,0,1,0
"176","Bupleurum_americanum_14364",1,0,0,0,0,0,0,0,1,0
"177","Potentilla_glandulosa_14405",1,0,0,0,0,0,0,0,1,0
"178","Hulsea_algida_14365",1,0,0,0,0,0,0,0,1,0
"179","Eriogonum_ovalifolium_14366",1,0,0,0,0,0,0,0,1,0
"180","Unknown_14367",1,0,0,0,0,0,0,0,1,0
"181","Castilleja_cusickii_14238",0,0,1,0,0,0,0,0,0,0
"182","Ranunculus_eschscholtzii_14239",0,0,1,0,0,0,0,0,0,0
"183","Arnica_parryi_14240",0,0,1,0,0,0,0,0,0,0
"184","Draba_cf_densifolia_14241",0,0,1,0,0,0,0,0,0,0
"185","Eriogonum_crosbyae_14242",0,0,1,0,0,0,0,0,0,0
"186","Senecio_werneriifolius_14243",0,0,1,0,0,0,0,0,0,0
"187","Eriogonum_ovalifolium_14244",0,0,1,0,0,0,0,0,0,0
"188","Phacelia_hastata_14245",0,0,1,0,0,0,0,0,0,0
"189","Lomatium_idahoensis_14246",0,0,1,0,0,0,0,0,0,0
"190","Erigeron_asperugineus_14247",0,0,1,0,0,0,0,0,0,0
"191","Erigeron_compositus_14248",0,0,1,0,0,0,0,0,0,0
"192","Minuartia_obtusiloba_14249",0,0,1,0,0,0,0,0,0,0
"193","Heuchera_parvifolia_var_dissecta_14250",0,0,1,0,0,0,0,0,0,0
"194","Unknown_14251",0,0,1,0,0,0,0,0,0,0
"195","Epilobium_alpinum_14252",0,0,1,0,0,0,0,0,0,0
"196","Phlox_cf_pulvinata_14254",0,0,1,0,0,0,0,0,0,0
"197","Potentilla_glandulosa_14255",0,0,1,0,0,0,0,0,0,0
"198","Sibbaldia_procumbens_14256",0,0,1,0,0,0,0,0,0,0
"199","Oxyria_digyna_14257",0,0,1,0,0,0,0,0,0,0
"200","Antennaria_alpina_14258",0,0,1,0,0,0,0,0,0,0
"201","Ribes_lacustre_14259",0,0,1,0,0,0,0,0,0,0
"202","Unknown_14261",0,0,1,0,0,0,0,0,0,0
"203","Festuca_sp_14262",0,0,1,0,0,0,0,0,0,0
"204","Juncus_sp_14263",0,0,1,0,0,0,0,0,0,0
"205","Arabis_cf_lemmonii_14266",0,0,1,0,0,0,0,0,0,0
"206","Claytonia_megarhiza_14267",0,0,1,0,0,0,0,0,0,0
"207","Draba_cf_lonchocarpa_14268",0,0,1,0,0,0,0,0,0,0
"208","Luzula_sp_14269",0,0,1,0,0,0,0,0,0,0
"209","Polemonium_viscosum_14271",0,0,1,0,0,0,0,0,0,0
"210","Sedum_debile_14272",0,0,1,0,0,0,0,0,0,0
"211","Antennaria_rosea_14273",0,0,1,0,0,0,0,0,0,0
"212","Haplopappus_macronema_14274",0,0,1,0,0,0,0,0,0,0
"213","Senecio_fremontii_14275",0,0,1,0,0,0,0,0,0,0
"214","Hulsea_algida_14276",0,0,1,0,0,0,0,0,0,0
"215","Senecio_werneriifolius_14277",0,0,1,0,0,0,0,0,0,0
"216","Stenotus_acaulis_14278",0,0,1,0,0,0,0,0,0,0
"217","Penstemon_montanus_var_idahoensis_14279",0,0,1,0,0,0,0,0,0,0
"218","Eriogonum_ovalifolium_14280",0,0,1,0,0,0,0,0,0,0
"219","Unknown_14281",0,0,1,0,0,0,0,0,0,0
"220","Unknown_14282",0,0,1,0,0,0,0,0,0,0
"221","Chaenactis_alpina_14283",0,0,1,0,0,0,0,0,0,0
"222","Artemisia_dracunculus_14284",0,0,1,0,0,0,0,0,0,0
"223","Juniperus_communis_14285",0,0,1,0,0,0,0,0,0,0
"224","Lupinus_argenteus_var_depressus_14286",0,0,1,0,0,0,0,0,0,0
"225","Achillea_millefolium_var_alpicola_14287",0,0,1,0,0,0,0,0,0,0
"226","Cirsium_subniveum_14288",0,0,1,0,0,0,0,0,0,0
"227","Castilleja_cusickii_14368",1,0,0,0,0,0,0,1,0,0
"228","Castilleja_miniata_14369",1,0,0,0,0,0,0,1,0,0
"229","Castilleja_rhexiifolia_14406",1,0,0,0,0,0,0,1,0,0
"230","Parnassia_fimbriata_14370",1,0,0,0,0,0,0,1,0,0
"231","Unknown_14407",1,0,0,0,0,0,0,1,0,0
"232","Lupinus_argenteus_var_depressus_14408",1,0,0,0,0,0,0,1,0,0
"233","Epilobium_alpinum_14409",1,0,0,0,0,0,0,1,0,0
"234","Pedicularis_groenlandica_14410",1,0,0,0,0,0,0,1,0,0
"235","Unknown_14411",1,0,0,0,0,0,0,1,0,0
"236","Phyllodoce_empetriformis_14412",1,0,0,0,0,0,0,1,0,0
"237","Erythranthe_tilingii_14413",1,0,0,0,0,0,0,1,0,0
"238","Gentiana_calycosa_14414",1,0,0,0,0,0,0,1,0,0
"239","Dasiphora_fruticosa_14415",1,0,0,0,0,0,0,1,0,0
"240","Arnica_chamissonis_14416",1,0,0,0,0,0,0,1,0,0
"241","Bistorta_bistortoides_14417",1,0,0,0,0,0,0,1,0,0
"242","Antennaria_corymbosa_14418",1,0,0,0,0,0,0,1,0,0
"243","Solidago_multiradiata_14419",1,0,0,0,0,0,0,1,0,0
"244","Aster_occidentalis_var_occidentalis_14420",1,0,0,0,0,0,0,1,0,0
"245","Salix_arctica_14421",1,0,0,0,0,0,0,1,0,0
"246","Phyllodoce_empetriformis_14422",1,0,0,0,0,0,0,1,0,0
"247","Unknown_14423",1,0,0,0,0,0,0,1,0,0
"248","Saxifraga_mertensiana_14424",1,0,0,0,0,0,0,1,0,0
"249","Sibbaldia_procumbens_14425",1,0,0,0,0,0,0,1,0,0
"250","Potentilla_glaucophylla_var_glaucophylla_14426",0,0,0,0,0,0,0,1,0,0
"251","Astragalus_alpinus_14427",0,0,0,0,0,0,0,1,0,0
"252","Aquilegia_flavescens_14428",0,0,0,0,0,0,0,1,0,0
"253","Aster_foliaceus_var_apricus_14430",0,0,0,0,0,0,0,1,0,0
"254","Achillea_millefolium_var_alpicola_14431",0,0,0,0,0,0,0,1,0,0
"255","Bistorta_bistortoides_14432",0,0,0,0,0,0,0,1,0,0
"256","Chaenactis_alpina_14433",0,0,0,0,0,0,0,1,0,0
"257","Cistanthe_umbellata_14434",0,0,0,0,0,0,0,1,0,0
"258","Cirsium_scariosum_14435",0,0,0,0,0,0,0,1,0,0
"259","Ribes_lacustre_14436",0,0,0,0,0,0,0,1,0,0
"260","Eremogone_aculeata_14438",0,0,0,0,0,0,0,1,0,0
"261","Unknown_14439",0,0,0,0,0,0,0,1,0,0
"262","Juncus_sp_14440",0,0,0,0,0,0,0,1,0,0
"263","Potentilla_glandulosa_14442",0,0,0,0,0,0,0,1,0,0
"264","Taraxacum_lyratum_14443",0,0,0,0,0,0,0,1,0,0
"265","Sedum_lanceolatum_var_lanceolatum_14444",0,0,0,0,0,0,0,1,0,0
"266","Oxyria_digyna_14445",0,0,0,0,0,0,0,1,0,0
"267","Antennaria_umbrinella_14446",0,0,0,0,0,0,0,1,0,0
"268","Unknown_14447",0,0,0,0,0,0,0,1,0,0
"269","Claytonia_megarhiza_14448",0,0,0,0,0,0,0,1,0,0
"270","Heuchera_parvifolia_var_dissecta_14449",0,0,0,0,0,0,0,1,0,0
"271","Eriogonum_ovalifolium_var_depressum_14450",0,0,0,0,0,0,0,1,0,0
"272","Cerastium_beeringianum_14451",0,0,0,0,0,0,0,1,0,0
"273","Erigeron_compositus_14452",0,0,0,0,0,0,0,1,0,0
"274","Arnica_mollis_14453",0,0,0,0,0,0,0,1,0,0
"275","Arabis_sp_14454",0,0,0,0,0,0,0,1,0,0
"276","Draba_lonchocarpa_14455",0,0,0,0,0,0,0,1,0,0
"277","Astragalus_kentrophyta_14456",0,0,0,0,0,0,0,1,0,0
"278","Carex_sp_14458",0,0,0,0,0,0,0,1,0,0
"279","Hulsea_algida_14459",0,0,0,0,0,0,0,1,0,0
"280","Antennaria_umbrinella_14460",0,0,0,0,0,0,0,1,0,0
"281","Phlox_cf_pulvinata_14461",0,0,0,0,0,0,0,1,0,0
"282","Unknown_14462",0,0,0,0,0,0,0,1,0,0
"283","Unknown_14463",0,0,0,0,0,0,0,1,0,0
"284","Androsace_septentrionalis_14464",0,0,0,0,0,0,0,1,0,0
"285","Smelowskia_calycina_14465",0,0,0,0,0,0,0,1,0,0
"286","Senecio_fremontii_14466",0,0,0,0,0,0,0,1,0,0
"287","Polemonium_viscosum_14467",0,0,0,0,0,0,0,1,0,0
"288","Carex_cf_straminiformis_14468",0,0,0,0,0,0,0,1,0,0
"289","Smelowskia_calycina_14469",0,0,0,0,0,0,0,1,0,0
"290","Saxifraga_mertensiana_14570",1,0,0,0,0,1,0,0,0,0
"291","Potentilla_glaucophylla_var_glaucophylla_14572",1,0,0,0,0,1,0,0,0,0
"292","Polygonum_viviparum_14573",1,0,0,0,0,1,0,0,0,0
"293","Erythranthe_tilingii_14574",1,0,0,0,0,1,0,0,0,0
"294","Cerastium_arvense_14575",1,0,0,0,0,1,0,0,0,0
"295","Viola_cf_adunca_14576",1,0,0,0,0,1,0,0,0,0
"296","Gentiana_calycosa_14577",1,0,0,0,0,1,0,0,0,0
"297","Salix_arctica_14578",1,0,0,0,0,1,0,0,0,0
"298","Unknown_14579",1,0,0,0,0,1,0,0,0,0
"299","Packera_subnuda_14580",1,0,0,0,0,1,0,0,0,0
"300","Phyllodoce_glanduliflora_14581",1,0,0,0,0,1,0,0,0,0
"301","Arnica_chamissonis_14582",1,0,0,0,0,1,0,0,0,0
"302","Aster_foliaceus_var_apricus_14583",1,0,0,0,0,1,0,0,0,0
"303","Bistorta_bistortoides_14584",1,0,0,0,0,1,0,0,0,0
"304","Unknown_14585",1,0,0,0,0,1,0,0,0,0
"305","Castilleja_miniata_14586",1,0,0,0,0,1,0,0,0,0
"306","Veronica_wormskjoldii_14587",1,0,0,0,0,1,0,0,0,0
"307","Eremogone_congesta_14589",1,0,0,0,0,1,0,0,0,0
"308","Juncus_sp_14590",1,0,0,0,0,1,0,0,0,0
"309","Antennaria_alpina_14591",1,0,0,0,0,1,0,0,0,0
"310","Lewisia_pygmaea_var_pygmara_14592",1,0,0,0,0,1,0,0,0,0
"311","Potentilla_glaucophylla_var_glaucophylla_14593",1,0,0,0,0,1,0,0,0,0
"312","Unknown_14594",1,0,0,0,0,1,0,0,0,0
"313","Solidago_multiradiata_14595",1,0,0,0,0,1,0,0,0,0
"314","Pedicularis_groenlandica_14596",1,0,0,0,0,1,0,0,0,0
"315","Phyllodoce_empetriformis_14597",1,0,0,0,0,1,0,0,0,0
"316","Astragalus_cf_eucosmus_14598",0,0,0,0,0,1,0,0,0,0
"317","Arnica_latifolia_14599",0,0,0,0,0,1,0,0,0,0
"318","Erigeron_grandiflorus_14600",0,0,0,0,0,1,0,0,0,0
"319","Antennaria_umbrinella_14601",0,0,0,0,0,1,0,0,0,0
"320","Eriogonum_ovalifolium_var_depressum_14602",0,0,0,0,0,1,0,0,0,0
"321","Carex_elynoides_14603",0,0,0,0,0,1,0,0,0,0
"322","Draba_oligosperma_14604",0,0,0,0,0,1,0,0,0,0
"323","Draba_cf_densifolia_14605",0,0,0,0,0,1,0,0,0,0
"324","Minuartia_cf_obtusiloba_14606",0,0,0,0,0,1,0,0,0,0
"325","Eriogonum_crosbyae_14607",0,0,0,0,0,1,0,0,0,0
"326","Minuartia_obtusiloba_14608",0,0,0,0,0,1,0,0,0,0
"327","Aster_alpinus_14609",0,0,0,0,0,1,0,0,0,0
"328","Draba_lonchocarpa_14610",0,0,0,0,0,1,0,0,0,0
"329","Sedum_lanceolatum_var_lanceolatum_14611",0,0,0,0,0,1,0,0,0,0
"330","Erigeron_lonchophyllus_14612",0,0,0,0,0,1,0,0,0,0
"331","Ivesia_gordonii_14613",0,0,0,0,0,1,0,0,0,0
"332","Claytonia_megarhiza_14614",0,0,0,0,0,1,0,0,0,0
"333","Taraxacum_lyratum_14615",0,0,0,0,0,1,0,0,0,0
"334","Smelowskia_calycina_14617",0,0,0,0,0,1,0,0,0,0
"335","Ribes_lacustre_14618",0,0,0,0,0,1,0,0,0,0
"336","Achillea_millefolium_var_alpicola_14619",0,0,0,0,0,1,0,0,0,0
"337","Astragalus_kentrophyta_14620",0,0,0,0,0,1,0,0,0,0
"338","Minuartia_obtusiloba_14621",0,0,0,0,0,1,0,0,0,0
"339","Tonestus_lyallii_14622",0,0,0,0,0,1,0,0,0,0
"340","Erigeron_compositus_14623",0,0,0,0,0,1,0,0,0,0
"341","Phlox_cf_diffusa_14624",0,0,0,0,0,1,0,0,0,0
"342","Heuchera_parvifolia_var_dissecta_14625",0,0,0,0,0,1,0,0,0,0
"343","Haplopappus_macronema_14626",0,0,0,0,0,1,0,0,0,0
"344","Hulsea_algida_14627",0,0,0,0,0,1,0,0,0,0
"345","Cerastium_beeringianum_14628",0,0,0,0,0,1,0,0,0,0
"346","Draba_lonchocarpa_14629",0,0,0,0,0,1,0,0,0,0
"347","Arabis_cf_lemonii_14630",0,0,0,0,0,1,0,0,0,0
"348","Oxyria_digyna_14631",0,0,0,0,0,1,0,0,0,0
"349","Cerastium_beeringianum_14632",0,0,0,0,0,1,0,0,0,0
"350","Polemonium_viscosum_14633",0,0,0,0,0,1,0,0,0,0
"351","Potentilla_glandulosa_14634",0,0,0,0,0,1,0,0,0,0
"352","Carex_cf_straminiformis_14635",0,0,0,0,0,1,0,0,0,0
"353","Unknown_14636",0,0,0,0,0,1,0,0,0,0
"354","Juncus_sp_14637",0,0,0,0,0,1,0,0,0,0
"355","Carex_microptera_14638",0,0,0,0,0,1,0,0,0,0
"356","Unknown_14639",0,0,0,0,0,1,0,0,0,0
"357","Unknown_14640",0,0,0,0,0,1,0,0,0,0
"358","Unknown_14641",0,0,0,0,0,1,0,0,0,0
"359","Unknown_14642",0,0,0,0,0,1,0,0,0,0
"360","Unknown_14643",0,0,0,0,0,1,0,0,0,0
"361","Castilleja_applegatei_14644",1,0,0,1,0,0,0,0,0,0
"362","Cassiope_mertensiana_var_gracilis_14646",1,0,0,1,0,0,0,0,0,0
"363","Lupinus_argenteus_var_depressus_14647",1,0,0,1,0,0,0,0,0,0
"364","Aster_foliaceus_var_apricus_14648",1,0,0,1,0,0,0,0,0,0
"365","Eriogonum_ovalifolium_var_depressum_14649",1,0,0,1,0,0,0,0,0,0
"366","Eriogonum_flavum_var_piperi_14650",1,0,0,1,0,0,0,0,0,0
"367","Potentilla_glaucophylla_var_glaucophylla_14651",1,0,0,1,0,0,0,0,0,0
"368","Unknown_14652",1,0,0,1,0,0,0,0,0,0
"369","Solidago_multiradiata_14653",1,0,0,1,0,0,0,0,0,0
"370","Eriogonum_flavum_var_piperi_14654",1,0,0,1,0,0,0,0,0,0
"371","Sedum_lanceolatum_var_lanceolatum_14655",1,0,0,1,0,0,0,0,0,0
"372","Sedum_debile_14656",1,0,0,1,0,0,0,0,0,0
"373","Haplopappus_suffruticosus_14657",1,0,0,1,0,0,0,0,0,0
"374","Juncus_sp_14658",1,0,0,1,0,0,0,0,0,0
"375","Salix_nivalis_14660",1,0,0,1,0,0,0,0,0,0
"376","Antennaria_alpina_14661",1,0,0,1,0,0,0,0,0,0
"377","Unknown_14662",1,0,0,1,0,0,0,0,0,0
"378","Eremogone_aculeata_14663",1,0,0,1,0,0,0,0,0,0
"379","Ivesia_gordonii_14664",1,0,0,1,0,0,0,0,0,0
"380","Achillea_millefolium_var_alpicola_14665",1,0,0,1,0,0,0,0,0,0
"381","Stenotus_acaulis_14666",1,0,0,1,0,0,0,0,0,0
"382","Unknown_14667",1,0,0,1,0,0,0,0,0,0
"383","Arabis_cf_lemonii_14668",1,0,0,1,0,0,0,0,0,0
"384","Phlox_pulvinata_14669",1,0,0,1,0,0,0,0,0,0
"385","Eremogone_congesta_14670",1,0,0,1,0,0,0,0,0,0
"386","Senecio_werneriifolius_14671",1,0,0,1,0,0,0,0,0,0
"387","Senecio_werneriifolius_14672",1,0,0,1,0,0,0,0,0,0
"388","Unknown_14673",0,0,0,1,0,0,0,0,0,0
"389","Unknown_14674",0,0,0,1,0,0,0,0,0,0
"390","Epilobium_alpinum_14675",0,0,0,1,0,0,0,0,0,0
"391","Unknown_14676",0,0,0,1,0,0,0,0,0,0
"392","Unknown_14677",0,0,0,1,0,0,0,0,0,0
"393","Oxytropis_cf_deflexa_14678",0,0,0,1,0,0,0,0,0,0
"394","Collomia_debilis_14680",0,0,0,1,0,0,0,0,0,0
"395","Eriogonum_crosbyae_14681",0,0,0,1,0,0,0,0,0,0
"396","Anemone_drummondii_14682",0,0,0,1,0,0,0,0,0,0
"397","Arabis_sp_14683",0,0,0,1,0,0,0,0,0,0
"398","Antennaria_alpina_14684",0,0,0,1,0,0,0,0,0,0
"399","Senecio_werneriifolius_14685",0,0,0,1,0,0,0,0,0,0
"400","Minuartia_cf_obtusiloba_14686",0,0,0,1,0,0,0,0,0,0
"401","Cerastium_beeringianum_14687",0,0,0,1,0,0,0,0,0,0
"402","Draba_oligosperma_14688",0,0,0,1,0,0,0,0,0,0
"403","Androsace_septentrionalis_14689",0,0,0,1,0,0,0,0,0,0
"404","Draba_lonchocarpa_14690",0,0,0,1,0,0,0,0,0,0
"405","Oxytropis_cf_deflexa_14691",0,0,0,1,0,0,0,0,0,0
"406","Unknown_14692",0,0,0,1,0,0,0,0,0,0
"407","Smelowskia_calycina_14693",0,0,0,1,0,0,0,0,0,0
"408","Draba_lonchocarpa_14694",0,0,0,1,0,0,0,0,0,0
"409","Oxytropis_parryi_14695",0,0,0,1,0,0,0,0,0,0
"410","Minuartia_nuttallii_14697",0,0,0,1,0,0,0,0,0,0
"411","Polemonium_viscosum_14698",0,0,0,1,0,0,0,0,0,0
"412","Crepis_nana_14699",0,0,0,1,0,0,0,0,0,0
"413","Erigeron_compositus_14700",0,0,0,1,0,0,0,0,0,0
"414","Astragalus_kentrophyta_14701",0,0,0,1,0,0,0,0,0,0
"415","Eriogonum_ovalifolium_var_depressum_14702",0,0,0,1,0,0,0,0,0,0
"416","Draba_oligosperma_14703",0,0,0,1,0,0,0,0,0,0
"417","Stenotus_acaulis_14704",0,0,0,1,0,0,0,0,0,0
"418","Minuartia_obtusiloba_14705",0,0,0,1,0,0,0,0,0,0
"419","Unknown_14706",0,0,0,1,0,0,0,0,0,0
"420","Senecio_fremontii_14707",0,0,0,1,0,0,0,0,0,0
"421","Saxifraga_oppositifolia_14708",0,0,0,1,0,0,0,0,0,0
"422","Eritrichium_nanum_14711",0,0,0,1,0,0,0,0,0,0
"423","Eritrichium_nanum_14712",0,0,0,1,0,0,0,0,0,0
"424","Eritrichium_nanum_14713",0,0,0,1,0,0,0,0,0,0
